"variable","value"
"function minimised",0.0151152339541642
"SB",-1.78503045678013e-15
