"twoPH","PLP","SB"
982,920,19089.0432278983
0,2254,8482.1417909657
0,5078,2603.37559612216
