"wavelength","twoPH","PLP","SB"
"200",982,920,19089.0432278983
"300",0,2254,8482.1417909657
"400",0,5078,2603.37559612216
