"metrics","value"
"Adj.R^2",0.0537446590524007
"NRMSE",0.00113163249129402
"SMAPE",0.000860690722925451
