"wavelength","H","L","HL","H2L","OH"
"200",6.92175532300869,3241.7706766811,4810.0730735748,4784.48132287823,0
"300",14.5561065532634,7635.87013898765,6297.39606507291,4232.41741724378,0
