"metrics","value"
"Adj.R^2",1.11022302462516e-16
"NRMSE",0.00107227298911349
"SMAPE",0.000730210337079933
