"metrics","value"
"Adj.R^2",0.663618471219521
"NRMSE",0.024283681763873
"SMAPE",0.0163438415539451
