"reaction","value","dev"
"H",0,0
"L",0,0
"M",0,0
"HL",-5.18,0
"H2L",-2.96,0
"ML",9.49363111862915,0.237034758332043
"HML",18.9066684805445,0.444358712972484
