"particle"	"signal"	"1"	"2"	"3"	"4"	"5"	"6"	"7"	"8"
"L"	"C3"	0.00212170613516425	0.00146940956757209	0.000531804362653939	-0.000677213003988079	-0.00163797165570188	-0.00180681821810673	-0.000705446774943853	0.00154455512792205
"L"	"C4"	0.000450737511090174	0.000199550910526185	1.07906122088486e-06	-0.000283859230777411	-0.00040348024935241	-0.000439199388547237	-0.000164392392792031	0.000448725321629183
"L"	"C5"	0.000934530232933352	0.00060278866049355	0.000172329161439848	-0.000342451487521524	-0.000790975574461158	-0.000832907985314609	-0.000302060685019269	0.00074181893280006
"L"	"C6"	0.0042456985631519	0.0033366515276198	0.00231330269902312	0.000469217405121851	-0.000916965597906908	-0.00106191870957003	-0.00250375558759591	0.00123466453403277
"L"	"CH"	-0.00189485733237133	-0.00148584276373275	-0.000565715110284868	0.000499896062901366	0.00140638007529779	0.00180450467101696	0.000810140533401057	-0.00153071429136907
"L"	"Me"	-0.00443966678684178	-0.00392709657235038	-0.00129167993419393	0.000976401162938039	0.00322399351609054	0.00392831969279368	0.00147518288083813	-0.00303372128460258
"L"	"Men"	-0.00144523820865051	-0.000992981618047655	-0.000228794065951619	0.000238966879458526	0.00130066076801963	0.00135468719197438	0.000561456834611729	-0.00121008456749531
