"reaction","value","dev"
"HL",-11.8,0
"H2L",-2.49,0
"ML",-11.1652010523738,0.550787083702562
"MLH",-23.3687657458222,0.716355506084031
