"metrics","value"
"Adj.R^2",0.967698209951784
"NRMSE",0.0143489666385373
"SMAPE",0.0142936700282104
"RMSE",0.233957389972189
