"metrics","value"
"Adj.R^2",-0.682948898223531
"NRMSE",0.101887790904898
"SMAPE",0.0768819357767485
