"cnst"	"dev"	"validity"
"0"	"0"	"OK"
"0"	"0"	"OK"
"3.68619918823242"	"0.134312201704362"	"OK"
