"signal"	"Porf"	"Turn"
"e"	7.913	8.621154396039
"r"	3.665	3.8433542623135
"s"	3.665	3.78712787944946
"t"	4.489	4.89442232110349
