wavelength;INH;INH_adj.r.squared;PL;PL_adj.r.squared
306;4400;0.999325296559701;5016.32653061225;0.999791921876189
387;29.9999999999998;0.500000000000005;1945.57823129252;0.999941319719508
