"variable","value"
"function minimised",0.0402535118361411
"CuL2",-4.22231694052755e-14
