"wavelength","S1","S2","S3","S4","S5","S6","S7","S8","S9","S10"
"200",0.557425630157726,0.928363363019364,1.29304607309019,1.64928944729858,1.99262503291621,2.3189778404057,2.61752523797008,2.88110458503363,3.09895253491769,3.27045064275001
"300",0.574770033883465,0.701484129172892,0.825935123824576,0.947324362011421,1.06404682561645,1.17458669972392,1.27508619459811,1.36287858350111,1.43413467723606,1.48859478255162
"400",0.954993246418733,0.904645999593417,0.85519794939257,0.806966425330533,0.760589148440454,0.716668396697526,0.676736983751509,0.641854478870726,0.613542332259964,0.591903729152805
