"variable","value"
"function minimised",0.0151152339551682
"SB",-4.79520936846889e-13
