"wavelength","twoPH","PLP","SB"
"200",982,920,19089.058992337
"300",0,2254,8482.14750752397
"400",0,5078,2603.37332510597
