"tot","tot","tot","tot","tot"
"M","L","H","OH","series"
"1e-09","0.02037","1.88846453712908e-12","0.01009","a"
"0.01019","0.02037","1.88846453712908e-12","0.01009","a"
"1e-09","0.02037","1.88846453712908e-12","0.01009","b"
"0.01019","0.02037","1.88846453712908e-12","0.01009","b"
"1e-09","0.02037","1.88846453712908e-12","0.01009","c"
"0.01019","0.02037","1.88846453712908e-12","0.01009","c"
