"wavelength","S1","S2","S3","S4","S5","S6","S7","S8","S9","S10"
"200",1.675651387831,1.57021891112046,1.47243525544266,1.38323912920247,1.29902029279034,1.22270182857114,1.15185279628881,1.08283240024923,1.02080107067924,0.959246927824635
"300",0.883347230950226,0.924554883287919,0.962773039709826,0.997634811661261,1.03055123968141,1.06037985452746,1.08807077464498,1.1150469832346,1.13929155703586,1.16334962526621
"400",0.257019739402885,0.409465186805351,0.550851158210714,0.679820369543097,0.801592887805105,0.911942210757661,1.01438324942663,1.11418025203746,1.2038717217228,1.29287322428811
