"wavelength","S1","S2","S3","S4","S5","S6","S7","S8","S9","S10"
"200",1.675651387831,1.57021891112046,1.47243525544266,1.38323912920247,1.29902029279034,1.22270182857114,1.15185279628881,1.08283240024923,1.02080107067924,0.959246927824634
"300",0.883347230950227,0.924554883287921,0.962773039709823,0.997634811661261,1.03055123968141,1.06037985452746,1.08807077464498,1.11504698323459,1.13929155703586,1.1633496252662
"400",0.257019739402886,0.409465186805352,0.550851158210712,0.679820369543097,0.801592887805105,0.911942210757666,1.01438324942663,1.11418025203746,1.2038717217228,1.29287322428811
