"wavelength","S1","S2","S3","S4","S5","S6","S7","S8","S9","S10"
"200",-0.0273486121689981,0.0122189111204629,-0.0095647445573408,-0.0057608707975334,-0.00197970720965768,0.0227018285711367,0.036852796288811,0.0548324002492255,0.00480107067924163,-0.086753072175366
"300",-0.0876527690497734,0.0415548832879211,0.0307730397098234,0.0276348116612612,0.0195512396814124,0.0173798545274593,0.00707077464497585,-0.00495301676540549,-0.0337084429641361,-0.0176503747337953
"400",-0.051980260597114,0.0214651868053518,0.0328511582107118,0.0288203695430971,0.0205928878051047,0.00394221075766588,-0.0236167505733742,-0.0468197479625443,-0.0431282782772047,0.0578732242881124
