"wavelength","S1","S2","S3","S4","S5","S6","S7","S8","S9","S10"
"200",-0.0160590793711087,0.00784269006448197,-0.00645394369591147,-0.00414749517461008,-0.00152168117575532,0.0189181904759472,0.0330518352366018,0.0533389107482739,0.0047254632669701,-0.0829379275099101
"300",-0.0902706169410642,0.0470610229761281,0.0330182829504543,0.0284894965580013,0.0193385160053535,0.0166633312823195,0.00654095711838654,-0.00442233639768348,-0.0287369505235602,-0.0149452791988106
"400",-0.168220908081275,0.0553226464055458,0.0634192243450035,0.0442709209571384,0.026367333937394,0.00434164180359678,-0.0227521681824414,-0.0403270869617091,-0.034585628129274,0.0468609103547469
