"metrics","value"
"Adj.R^2",0.997458760972376
"NRMSE",0.0227815588332852
"SMAPE",0.0211464263366419
