tot;tot;tot;tot;tot
H;PO4;Hydr;Cu;DNA
0.1056;0.0888;0.0001016;9.923e-06;1e-19
0.1012;0.08851;0.0001016;1.985e-05;1e-19
0.0968;0.0814;0.0001016;2.977e-05;1e-19
0.0924;0.0777;0.0001016;3.969e-05;1e-19
0.088;0.074;0.0001016;4.962e-05;1e-19
0.0836;0.0703;0.0001016;5.954e-05;1e-19
0.0792;0.0666;0.0001016;6.946e-05;1e-19
0.0748;0.0629;0.0001016;7.938e-05;1e-19
0.0704;0.0592;0.0001016;8.931e-05;1e-19
0.066;0.0555;0.0001016;9.923e-05;8.5e-05
0.066;0.0555;0.0001;5e-05;8.5e-05
