"wavelength","S1","S2","S3","S4","S5","S6","S7","S8"
"200",0.000363249148746296,-6.56095199356221e-05,-0.00255061051586022,-0.000686824802217711,0.00140283561584428,0.00437809156252332,-0.00373095491487836,0.000949599715971168
"300",0.000598913521779421,-0.00305910413849292,0.00116049242759855,0.0031506184030876,-0.00111998104895456,-0.00114298765802639,0.00056895296491668,-0.000107495649475558
