"wavelength","S1","S2","S3","S4","S5","S6","S7","S8"
"200",0.000363249148745909,-6.56095199385001e-05,-0.00255061051586306,-0.000686824802220083,0.00140283561584298,0.00437809156252345,-0.00373095491487721,0.000949599715968683
"300",0.000598913521778928,-0.00305910413849497,0.00116049242759678,0.00315061840308641,-0.00111998104895415,-0.00114298765802324,0.000568952964922836,-0.000107495649471427
