"wavelength","S1","S2","S3","S4","S5","S6","S7","S8"
"200",0.000417373271909494,-0.000101235489260665,-0.00418810246704249,-0.00115729979173684,0.00238622338255112,0.00746026802253974,-0.00652917110103712,0.00169693469244048
"300",0.001618264335848,-0.00730819978685959,0.00261342894695193,0.00701957780207918,-0.00244827857301466,-0.00241627590906779,0.00114928498913169,-0.000213808846806884
