"wavelength","S1","S2","S3","S4","S5","S6","S7","S8"
"200",0.000417373271909049,-0.000101235489265106,-0.00418810246704715,-0.00115729979174084,0.0023862233825489,0.00746026802253996,-0.00652917110103512,0.00169693469243604
"300",0.00161826433584666,-0.00730819978686448,0.00261342894694794,0.00701957780207652,-0.00244827857301377,-0.00241627590906113,0.00114928498914413,-0.000213808846798669
