"cnst","dev","validity"
"0","0","OK"
"0","0","OK"
"4.33221336364746","0.0500521362157105","OK"
"6.37545526504517","0.224859755810881","OK"
"-13.82","0","OK"
