"cnst","dev","validity"
"0","0","OK"
"0","0","OK"
"4.33221336364746","0.0500521347504823","OK"
"6.37545526504517","0.224859743553351","OK"
"-13.82","0","OK"
