"variable","value"
"function minimised",0.000251255392152171
"HL",-2.95038516187618e-15
"H2L",-6.16965246252876e-16
