"wavelength","H","L","HL","H2L","OH"
"200",6.92171260140497,3241.77059922512,4810.07246177459,4784.48431693812,0
"300",14.5562140930056,7635.87020971386,6297.3965022354,4232.40742130979,0
