"wavelength","H","L","HL","H2L","OH"
"200",6.92171260140255,3241.77059922511,4810.07246177457,4784.48431693826,0
"300",14.5562140930025,7635.87020971386,6297.39650223538,4232.40742131004,0
