"wavelength","H","L","HL","H2L","OH"
"200",6.9217126014072,3241.77059922512,4810.0724617746,4784.48431693791,0
"300",14.5562140930046,7635.87020971386,6297.3965022354,4232.40742130992,0
