"H","L","OH","HL","HOH","HOHD"
1.43067203173361e-13,0.0831831993179933,0.079575119682194,0.00521680068205742,1.1384589815117,0.878380351193816
1.78637930407919e-13,0.0809307648212881,0.0640792321790492,0.00633746917889628,1.14469814185939,0.873592752038237
2.32337451272746e-13,0.0781731845322362,0.0495185004684631,0.00796169546831145,1.1505002189691,0.869187144437095
3.19066127636989e-13,0.0745970640949364,0.0362203679065286,0.0104335229064271,1.15566925295232,0.865299476857553
4.68975174500226e-13,0.0696381255976004,0.0247322504036037,0.0143161244036123,1.15988114488133,0.862157303283268
7.3945069637719e-13,0.0626101335253968,0.0157243634758224,0.0202946884747188,1.16273915222849,0.86003812470184
1.22857607153439e-12,0.0532195931958974,0.0094749718087194,0.0286617128067205,1.16407236426556,0.859053123068446
2.11819970614545e-12,0.0419401294228864,0.00549596458246772,0.0389426235797891,1.16415505635689,0.858992102932919
