"cnst","dev","validity"
"0","0","OK"
"0","0","OK"
"3.34336090087891","0.130142101112782","OK"
"3.16912460327148","0.208014669056492","OK"
