"signal","Mc","McD","McD2"
"a",8.4597,9.97580932634591,10.5069504162778
