"signal","Mc","McD","McD2"
"a",8.4597,9.9758093263459,10.5069504162778
